membership_tier,country,total_orders,total_spent,avg_order_value
FREE,United States of America,5,13796.80,2759.3600000000000000
PRIME,Montenegro,5,9944.14,1988.8280000000000000
FREE,Mozambique,4,9673.36,2418.3400000000000000
PRIME,Syrian Arab Republic,2,9201.75,4600.8750000000000000
FREE,Austria,5,9083.15,1816.6300000000000000
FREE,Mayotte,6,8894.77,1482.4616666666666667
PRIME,Palau,5,8507.43,1701.4860000000000000
FREE,Papua New Guinea,5,8470.50,1694.1000000000000000
PRIME,Spain,5,7887.06,1577.4120000000000000
PRIME,Maldives,4,7750.17,1937.5425000000000000
PRIME,Czech Republic,3,7582.91,2527.6366666666666667
FREE,Fiji,5,7272.73,1454.5460000000000000
FREE,Haiti,8,7114.56,889.3200000000000000
PREMIUM,Iceland,4,7011.32,1752.8300000000000000
PRIME,Solomon Islands,6,6927.19,1154.5316666666666667
PRIME,Ecuador,4,6832.52,1708.1300000000000000
PREMIUM,Moldova,4,6693.20,1673.3000000000000000
PREMIUM,Saint Helena,4,6662.93,1665.7325000000000000
PRIME,Libyan Arab Jamahiriya,4,6621.18,1655.2950000000000000
PRIME,Australia,2,6582.95,3291.4750000000000000
PREMIUM,Australia,6,6566.22,1094.3700000000000000
FREE,Sao Tome and Principe,8,6524.46,815.5575000000000000
PREMIUM,Tunisia,6,6518.46,1086.4100000000000000
FREE,Kyrgyz Republic,5,6486.01,1297.2020000000000000
FREE,Hungary,3,6474.28,2158.0933333333333333
PRIME,Somalia,4,6435.08,1608.7700000000000000
PREMIUM,Dominican Republic,6,6413.56,1068.9266666666666667
PRIME,Falkland Islands (Malvinas),5,6391.57,1278.3140000000000000
PREMIUM,Rwanda,2,6343.21,3171.6050000000000000
PREMIUM,Eritrea,1,6226.60,6226.6000000000000000
FREE,Bhutan,3,6121.46,2040.4866666666666667
FREE,British Virgin Islands,2,6112.17,3056.0850000000000000
PRIME,Belgium,3,6083.89,2027.9633333333333333
PRIME,Antarctica (the territory South of 60 deg S),3,6023.55,2007.8500000000000000
PREMIUM,Italy,4,5997.37,1499.3425000000000000
FREE,Mauritius,5,5971.98,1194.3960000000000000
FREE,Equatorial Guinea,1,5947.92,5947.9200000000000000
PRIME,Togo,4,5929.97,1482.4925000000000000
PRIME,Rwanda,3,5867.35,1955.7833333333333333
FREE,Thailand,3,5688.99,1896.3300000000000000
PRIME,Guinea,2,5661.68,2830.8400000000000000
PRIME,Ireland,4,5606.20,1401.5500000000000000
PREMIUM,Cote d'Ivoire,5,5567.60,1113.5200000000000000
PREMIUM,Romania,4,5537.85,1384.4625000000000000
PRIME,Trinidad and Tobago,7,5481.31,783.0442857142857143
PREMIUM,Togo,6,5447.79,907.9650000000000000
PREMIUM,Namibia,4,5370.44,1342.6100000000000000
PRIME,United Arab Emirates,3,5330.49,1776.8300000000000000
PREMIUM,Turkmenistan,4,5320.24,1330.0600000000000000
FREE,Belize,1,5149.65,5149.6500000000000000
FREE,Ethiopia,3,5082.39,1694.1300000000000000
FREE,Samoa,5,4975.53,995.1060000000000000
PRIME,El Salvador,2,4968.59,2484.2950000000000000
FREE,Myanmar,3,4968.31,1656.1033333333333333
PREMIUM,Saint Vincent and the Grenadines,2,4946.12,2473.0600000000000000
PREMIUM,Lithuania,6,4894.30,815.7166666666666667
PRIME,Dominican Republic,6,4866.29,811.0483333333333333
FREE,El Salvador,3,4859.63,1619.8766666666666667
FREE,Mexico,4,4852.70,1213.1750000000000000
PRIME,Romania,2,4815.91,2407.9550000000000000
PREMIUM,Nicaragua,4,4743.05,1185.7625000000000000
FREE,Paraguay,4,4704.16,1176.0400000000000000
FREE,Nigeria,2,4663.47,2331.7350000000000000
FREE,Colombia,2,4654.63,2327.3150000000000000
PRIME,Mozambique,2,4619.53,2309.7650000000000000
PRIME,Mali,3,4598.15,1532.7166666666666667
PREMIUM,Micronesia,1,4521.22,4521.2200000000000000
PREMIUM,Slovenia,3,4489.59,1496.5300000000000000
PREMIUM,Benin,7,4389.51,627.0728571428571429
PREMIUM,Cocos (Keeling) Islands,2,4336.54,2168.2700000000000000
PREMIUM,Malaysia,3,4306.03,1435.3433333333333333
FREE,Seychelles,2,4288.72,2144.3600000000000000
PREMIUM,Timor-Leste,3,4228.53,1409.5100000000000000
FREE,Marshall Islands,3,4211.65,1403.8833333333333333
PRIME,Cocos (Keeling) Islands,1,4170.24,4170.2400000000000000
PRIME,Netherlands,4,4161.92,1040.4800000000000000
FREE,Philippines,3,4148.40,1382.8000000000000000
FREE,Kenya,2,4110.01,2055.0050000000000000
PRIME,Iceland,3,4105.72,1368.5733333333333333
FREE,Tanzania,2,4095.44,2047.7200000000000000
FREE,Uganda,4,4063.00,1015.7500000000000000
FREE,Barbados,5,4055.15,811.0300000000000000
PRIME,Grenada,5,4035.77,807.1540000000000000
PREMIUM,Grenada,3,4029.91,1343.3033333333333333
PRIME,Korea,1,4029.21,4029.2100000000000000
PRIME,Tanzania,4,3997.46,999.3650000000000000
PREMIUM,Uzbekistan,3,3995.84,1331.9466666666666667
PRIME,Azerbaijan,3,3977.13,1325.7100000000000000
PREMIUM,Ghana,2,3963.62,1981.8100000000000000
PREMIUM,Egypt,4,3959.86,989.9650000000000000
FREE,Gabon,6,3955.11,659.1850000000000000
PREMIUM,Barbados,2,3940.73,1970.3650000000000000
FREE,Congo,4,3917.17,979.2925000000000000
PREMIUM,French Southern Territories,4,3836.77,959.1925000000000000
PREMIUM,Korea,8,3796.22,474.5275000000000000
FREE,Trinidad and Tobago,7,3783.37,540.4814285714285714
FREE,Jordan,5,3717.70,743.5400000000000000
FREE,Hong Kong,4,3696.11,924.0275000000000000
PRIME,Mauritius,3,3692.48,1230.8266666666666667
PRIME,France,6,3690.03,615.0050000000000000
FREE,New Caledonia,5,3670.19,734.0380000000000000
PREMIUM,Saint Kitts and Nevis,7,3639.74,519.9628571428571429
PREMIUM,Venezuela,3,3605.66,1201.8866666666666667
PRIME,Central African Republic,6,3597.60,599.6000000000000000
FREE,Moldova,2,3540.58,1770.2900000000000000
PRIME,Cuba,2,3534.01,1767.0050000000000000
PRIME,Sao Tome and Principe,3,3498.52,1166.1733333333333333
FREE,Tonga,3,3495.08,1165.0266666666666667
PREMIUM,Finland,4,3431.76,857.9400000000000000
PREMIUM,El Salvador,5,3424.91,684.9820000000000000
FREE,Singapore,3,3418.23,1139.4100000000000000
PRIME,Congo,7,3416.32,488.0457142857142857
PRIME,Turkey,4,3411.41,852.8525000000000000
FREE,Afghanistan,3,3407.84,1135.9466666666666667
FREE,Denmark,4,3342.66,835.6650000000000000
PRIME,Benin,4,3310.04,827.5100000000000000
FREE,Sierra Leone,1,3300.88,3300.8800000000000000
FREE,Argentina,1,3277.08,3277.0800000000000000
PREMIUM,United Kingdom,4,3268.61,817.1525000000000000
PREMIUM,Bahamas,6,3256.00,542.6666666666666667
PREMIUM,Kazakhstan,3,3254.29,1084.7633333333333333
PREMIUM,Suriname,3,3240.81,1080.2700000000000000
PRIME,Saint Martin,7,3174.29,453.4700000000000000
FREE,Rwanda,6,3150.69,525.1150000000000000
PRIME,Liechtenstein,1,3137.52,3137.5200000000000000
PREMIUM,Estonia,2,3121.52,1560.7600000000000000
FREE,British Indian Ocean Territory (Chagos Archipelago),1,3119.64,3119.6400000000000000
FREE,Cote d'Ivoire,2,3106.82,1553.4100000000000000
PREMIUM,Bermuda,2,3096.60,1548.3000000000000000
PRIME,Moldova,2,3078.11,1539.0550000000000000
PREMIUM,South Georgia and the South Sandwich Islands,3,3046.14,1015.3800000000000000
PREMIUM,Kiribati,3,2993.40,997.8000000000000000
FREE,Anguilla,3,2991.49,997.1633333333333333
FREE,Burundi,3,2985.35,995.1166666666666667
FREE,Greenland,3,2960.65,986.8833333333333333
PREMIUM,Pakistan,6,2922.57,487.0950000000000000
FREE,Oman,4,2922.48,730.6200000000000000
PREMIUM,French Polynesia,3,2921.14,973.7133333333333333
PRIME,Lesotho,3,2915.99,971.9966666666666667
PREMIUM,Honduras,4,2905.81,726.4525000000000000
FREE,Djibouti,4,2885.54,721.3850000000000000
FREE,Indonesia,1,2884.01,2884.0100000000000000
PRIME,Wallis and Futuna,4,2874.39,718.5975000000000000
PREMIUM,Mauritania,4,2839.31,709.8275000000000000
PREMIUM,Libyan Arab Jamahiriya,3,2834.11,944.7033333333333333
PRIME,American Samoa,1,2826.86,2826.8600000000000000
PREMIUM,Liechtenstein,2,2818.27,1409.1350000000000000
PRIME,Russian Federation,4,2808.66,702.1650000000000000
PRIME,Armenia,3,2780.46,926.8200000000000000
PRIME,Cote d'Ivoire,6,2769.32,461.5533333333333333
FREE,Georgia,3,2746.90,915.6333333333333333
PREMIUM,Saudi Arabia,4,2709.21,677.3025000000000000
PRIME,Albania,4,2681.45,670.3625000000000000
PREMIUM,Nepal,1,2676.64,2676.6400000000000000
FREE,Bahrain,2,2655.21,1327.6050000000000000
FREE,Malaysia,2,2653.08,1326.5400000000000000
FREE,Portugal,3,2653.02,884.3400000000000000
FREE,Switzerland,3,2644.42,881.4733333333333333
FREE,Netherlands,5,2613.12,522.6240000000000000
PRIME,Vanuatu,3,2612.90,870.9666666666666667
PRIME,Ethiopia,5,2611.60,522.3200000000000000
PREMIUM,Guatemala,4,2600.89,650.2225000000000000
FREE,Albania,5,2596.86,519.3720000000000000
PREMIUM,Croatia,4,2581.69,645.4225000000000000
FREE,Chile,3,2579.34,859.7800000000000000
FREE,Saint Vincent and the Grenadines,4,2572.41,643.1025000000000000
FREE,Liberia,4,2567.51,641.8775000000000000
FREE,Ireland,3,2542.81,847.6033333333333333
FREE,Bulgaria,4,2539.52,634.8800000000000000
FREE,Saint Martin,4,2515.12,628.7800000000000000
PREMIUM,Aruba,3,2513.30,837.7666666666666667
FREE,Central African Republic,6,2496.50,416.0833333333333333
PREMIUM,Latvia,2,2463.69,1231.8450000000000000
FREE,Tajikistan,2,2434.75,1217.3750000000000000
PRIME,Oman,2,2433.50,1216.7500000000000000
PREMIUM,Portugal,2,2414.66,1207.3300000000000000
PRIME,Nicaragua,3,2405.01,801.6700000000000000
PRIME,Bolivia,1,2403.25,2403.2500000000000000
FREE,United Kingdom,3,2394.18,798.0600000000000000
PREMIUM,Solomon Islands,3,2354.94,784.9800000000000000
PREMIUM,Antarctica (the territory South of 60 deg S),1,2341.90,2341.9000000000000000
FREE,Palestinian Territory,4,2334.79,583.6975000000000000
PRIME,Jordan,3,2324.22,774.7400000000000000
PRIME,Nigeria,3,2321.53,773.8433333333333333
PREMIUM,Bhutan,3,2317.08,772.3600000000000000
PREMIUM,Uruguay,4,2302.71,575.6775000000000000
PRIME,Northern Mariana Islands,2,2276.30,1138.1500000000000000
FREE,Martinique,6,2273.86,378.9766666666666667
PREMIUM,Iran,4,2269.06,567.2650000000000000
FREE,Malawi,3,2266.47,755.4900000000000000
PREMIUM,Guam,3,2266.01,755.3366666666666667
PREMIUM,Germany,1,2265.20,2265.2000000000000000
PRIME,Anguilla,4,2255.12,563.7800000000000000
PREMIUM,Austria,3,2247.39,749.1300000000000000
PREMIUM,Swaziland,2,2242.44,1121.2200000000000000
PREMIUM,Bahrain,4,2226.98,556.7450000000000000
PREMIUM,Guinea-Bissau,2,2192.41,1096.2050000000000000
PRIME,India,2,2189.73,1094.8650000000000000
PREMIUM,Greece,1,2155.50,2155.5000000000000000
PRIME,Haiti,5,2134.39,426.8780000000000000
FREE,Cameroon,4,2129.20,532.3000000000000000
PREMIUM,Myanmar,5,2121.54,424.3080000000000000
PRIME,Philippines,4,2109.87,527.4675000000000000
PREMIUM,Samoa,3,2087.26,695.7533333333333333
FREE,Peru,5,2071.39,414.2780000000000000
FREE,Benin,5,2051.06,410.2120000000000000
PREMIUM,Kyrgyz Republic,4,2043.35,510.8375000000000000
PRIME,Egypt,3,2036.90,678.9666666666666667
PREMIUM,Congo,4,2020.40,505.1000000000000000
PREMIUM,Mauritius,2,2016.51,1008.2550000000000000
PRIME,Brazil,2,2003.09,1001.5450000000000000
PREMIUM,Tuvalu,1,1990.73,1990.7300000000000000
FREE,Russian Federation,3,1974.12,658.0400000000000000
FREE,Guyana,5,1955.76,391.1520000000000000
FREE,Bosnia and Herzegovina,3,1945.13,648.3766666666666667
PRIME,Guyana,5,1929.42,385.8840000000000000
PREMIUM,Gambia,2,1913.33,956.6650000000000000
FREE,China,4,1897.58,474.3950000000000000
PREMIUM,French Guiana,3,1884.84,628.2800000000000000
PREMIUM,Colombia,4,1880.40,470.1000000000000000
PRIME,Estonia,3,1871.68,623.8933333333333333
PREMIUM,Turks and Caicos Islands,4,1842.92,460.7300000000000000
FREE,Aruba,4,1824.11,456.0275000000000000
PREMIUM,Central African Republic,5,1816.52,363.3040000000000000
FREE,Somalia,5,1765.94,353.1880000000000000
PREMIUM,Belgium,5,1747.93,349.5860000000000000
FREE,French Southern Territories,4,1747.38,436.8450000000000000
PRIME,Bahrain,4,1740.83,435.2075000000000000
FREE,Lesotho,2,1713.19,856.5950000000000000
FREE,Italy,7,1692.69,241.8128571428571429
PREMIUM,Djibouti,5,1657.38,331.4760000000000000
PRIME,Belarus,2,1644.52,822.2600000000000000
PREMIUM,Saint Pierre and Miquelon,5,1636.35,327.2700000000000000
PRIME,Mexico,4,1635.68,408.9200000000000000
PRIME,Dominica,2,1634.53,817.2650000000000000
FREE,Comoros,4,1630.43,407.6075000000000000
FREE,San Marino,3,1595.50,531.8333333333333333
PREMIUM,Bangladesh,4,1590.92,397.7300000000000000
PRIME,Saint Lucia,2,1583.47,791.7350000000000000
PRIME,Andorra,4,1576.93,394.2325000000000000
FREE,French Polynesia,1,1568.05,1568.0500000000000000
FREE,Andorra,6,1566.50,261.0833333333333333
PREMIUM,Mayotte,5,1559.57,311.9140000000000000
PREMIUM,New Zealand,4,1556.85,389.2125000000000000
FREE,Iraq,1,1555.95,1555.9500000000000000
PRIME,Singapore,4,1553.90,388.4750000000000000
PREMIUM,Vanuatu,2,1552.04,776.0200000000000000
PRIME,Kyrgyz Republic,1,1531.84,1531.8400000000000000
FREE,Palau,6,1530.78,255.1300000000000000
FREE,Jersey,4,1526.18,381.5450000000000000
PRIME,Austria,1,1518.61,1518.6100000000000000
PREMIUM,Algeria,2,1514.43,757.2150000000000000
FREE,Swaziland,3,1513.64,504.5466666666666667
PREMIUM,Dominica,4,1487.85,371.9625000000000000
PREMIUM,Iraq,3,1479.15,493.0500000000000000
PRIME,British Virgin Islands,3,1466.00,488.6666666666666667
PRIME,Malawi,2,1438.83,719.4150000000000000
PREMIUM,Georgia,3,1435.57,478.5233333333333333
FREE,Jamaica,2,1435.56,717.7800000000000000
FREE,Niger,2,1424.03,712.0150000000000000
PRIME,French Polynesia,3,1410.91,470.3033333333333333
PREMIUM,Martinique,2,1407.40,703.7000000000000000
PRIME,Angola,1,1406.11,1406.1100000000000000
PRIME,Kuwait,2,1396.87,698.4350000000000000
PRIME,United Kingdom,1,1396.06,1396.0600000000000000
PRIME,China,4,1378.69,344.6725000000000000
FREE,Latvia,1,1377.60,1377.6000000000000000
FREE,India,4,1374.35,343.5875000000000000
PRIME,Sri Lanka,2,1358.59,679.2950000000000000
PREMIUM,Cyprus,5,1346.86,269.3720000000000000
PREMIUM,Puerto Rico,4,1337.25,334.3125000000000000
PRIME,Turkmenistan,3,1333.07,444.3566666666666667
PREMIUM,Brazil,4,1330.45,332.6125000000000000
PRIME,United States Virgin Islands,2,1322.14,661.0700000000000000
FREE,Spain,5,1305.43,261.0860000000000000
PREMIUM,Papua New Guinea,3,1292.36,430.7866666666666667
PRIME,Kiribati,4,1277.66,319.4150000000000000
FREE,Holy See (Vatican City State),3,1272.96,424.3200000000000000
FREE,Pitcairn Islands,2,1271.60,635.8000000000000000
PRIME,Nepal,3,1270.12,423.3733333333333333
PREMIUM,Argentina,3,1269.16,423.0533333333333333
FREE,Greece,3,1241.68,413.8933333333333333
PREMIUM,Ecuador,4,1240.78,310.1950000000000000
FREE,Nauru,4,1234.91,308.7275000000000000
FREE,Guadeloupe,4,1234.68,308.6700000000000000
PREMIUM,Guyana,2,1230.67,615.3350000000000000
PREMIUM,Saint Barthelemy,2,1229.52,614.7600000000000000
PRIME,Netherlands Antilles,2,1227.22,613.6100000000000000
PREMIUM,China,3,1219.31,406.4366666666666667
PRIME,Luxembourg,1,1211.30,1211.3000000000000000
PREMIUM,Marshall Islands,6,1210.92,201.8200000000000000
PREMIUM,Slovakia (Slovak Republic),2,1195.18,597.5900000000000000
FREE,Cape Verde,3,1193.79,397.9300000000000000
FREE,Uruguay,1,1176.39,1176.3900000000000000
PRIME,Botswana,5,1172.35,234.4700000000000000
PREMIUM,India,2,1151.03,575.5150000000000000
PRIME,Greenland,5,1147.18,229.4360000000000000
PRIME,Panama,3,1129.17,376.3900000000000000
PRIME,Hungary,3,1119.50,373.1666666666666667
PREMIUM,Sao Tome and Principe,3,1119.45,373.1500000000000000
FREE,Taiwan,1,1105.60,1105.6000000000000000
FREE,Mauritania,2,1104.74,552.3700000000000000
PRIME,Chad,2,1099.53,549.7650000000000000
PREMIUM,Guinea,7,1099.45,157.0642857142857143
PREMIUM,Lebanon,2,1098.05,549.0250000000000000
FREE,Antigua and Barbuda,2,1089.26,544.6300000000000000
PREMIUM,Sri Lanka,3,1083.57,361.1900000000000000
PRIME,Monaco,3,1081.45,360.4833333333333333
FREE,Gambia,3,1077.71,359.2366666666666667
PREMIUM,Norway,2,1075.71,537.8550000000000000
PREMIUM,Lesotho,2,1073.98,536.9900000000000000
PRIME,Bermuda,4,1071.60,267.9000000000000000
FREE,Iran,2,1053.07,526.5350000000000000
PRIME,San Marino,2,1051.01,525.5050000000000000
PREMIUM,Afghanistan,1,1050.00,1050.0000000000000000
FREE,Puerto Rico,3,1034.19,344.7300000000000000
PRIME,Cameroon,4,1033.75,258.4375000000000000
PREMIUM,Philippines,4,1026.06,256.5150000000000000
PRIME,Lithuania,2,1013.21,506.6050000000000000
PREMIUM,Wallis and Futuna,4,1011.43,252.8575000000000000
FREE,Slovenia,3,1009.88,336.6266666666666667
PREMIUM,United States of America,1,1009.70,1009.7000000000000000
FREE,Montserrat,1,1003.88,1003.8800000000000000
FREE,South Africa,2,996.36,498.1800000000000000
PREMIUM,United Arab Emirates,5,995.55,199.1100000000000000
PRIME,Sudan,6,994.84,165.8066666666666667
PREMIUM,Sierra Leone,3,992.95,330.9833333333333333
PRIME,Argentina,3,983.30,327.7666666666666667
PRIME,French Southern Territories,4,982.64,245.6600000000000000
FREE,Grenada,4,982.23,245.5575000000000000
FREE,Kiribati,1,975.96,975.9600000000000000
PREMIUM,Andorra,4,969.28,242.3200000000000000
PRIME,Bulgaria,3,956.08,318.6933333333333333
PREMIUM,Sudan,3,944.93,314.9766666666666667
PREMIUM,Haiti,2,941.22,470.6100000000000000
FREE,Brunei Darussalam,2,923.07,461.5350000000000000
PREMIUM,Guernsey,8,921.28,115.1600000000000000
PRIME,Puerto Rico,1,914.83,914.8300000000000000
FREE,Svalbard & Jan Mayen Islands,3,911.56,303.8533333333333333
FREE,United States Minor Outlying Islands,2,909.13,454.5650000000000000
FREE,Algeria,2,908.25,454.1250000000000000
PRIME,United States Minor Outlying Islands,3,897.77,299.2566666666666667
PREMIUM,Bouvet Island (Bouvetoya),1,896.33,896.3300000000000000
PREMIUM,Holy See (Vatican City State),5,891.65,178.3300000000000000
PREMIUM,Saint Martin,3,889.57,296.5233333333333333
PREMIUM,Liberia,1,884.80,884.8000000000000000
FREE,Guernsey,6,883.55,147.2583333333333333
PREMIUM,Israel,1,879.78,879.7800000000000000
PREMIUM,Fiji,3,875.14,291.7133333333333333
PREMIUM,Hungary,3,874.27,291.4233333333333333
PRIME,Morocco,2,873.55,436.7750000000000000
PRIME,Jersey,2,858.07,429.0350000000000000
PREMIUM,Denmark,4,857.81,214.4525000000000000
PRIME,Namibia,4,852.44,213.1100000000000000
PREMIUM,Serbia,2,847.58,423.7900000000000000
PRIME,Poland,1,845.68,845.6800000000000000
FREE,Sweden,3,840.91,280.3033333333333333
PRIME,Burundi,2,840.09,420.0450000000000000
PRIME,Guadeloupe,3,837.79,279.2633333333333333
PREMIUM,Montserrat,1,826.51,826.5100000000000000
PREMIUM,Cape Verde,1,823.21,823.2100000000000000
FREE,Malta,2,810.06,405.0300000000000000
PREMIUM,United States Minor Outlying Islands,1,806.29,806.2900000000000000
PRIME,Reunion,3,797.52,265.8400000000000000
FREE,Mongolia,3,787.95,262.6500000000000000
PRIME,Hong Kong,4,780.29,195.0725000000000000
PRIME,Tunisia,3,779.12,259.7066666666666667
PREMIUM,Svalbard & Jan Mayen Islands,2,774.16,387.0800000000000000
PRIME,Aruba,2,771.20,385.6000000000000000
PRIME,Zambia,2,770.21,385.1050000000000000
PRIME,Eritrea,2,744.14,372.0700000000000000
FREE,Cyprus,3,737.19,245.7300000000000000
PRIME,Djibouti,4,731.48,182.8700000000000000
FREE,Eritrea,4,723.48,180.8700000000000000
PREMIUM,Tanzania,3,722.39,240.7966666666666667
PREMIUM,Kuwait,3,721.88,240.6266666666666667
FREE,Niue,2,711.02,355.5100000000000000
PREMIUM,Malawi,4,709.29,177.3225000000000000
FREE,Timor-Leste,1,706.03,706.0300000000000000
FREE,United States Virgin Islands,2,700.76,350.3800000000000000
PREMIUM,Yemen,4,694.91,173.7275000000000000
FREE,Zimbabwe,3,692.45,230.8166666666666667
FREE,Norway,1,691.83,691.8300000000000000
PRIME,Bosnia and Herzegovina,4,685.01,171.2525000000000000
FREE,Cocos (Keeling) Islands,1,681.47,681.4700000000000000
FREE,Antarctica (the territory South of 60 deg S),2,678.29,339.1450000000000000
FREE,Iceland,4,676.68,169.1700000000000000
PREMIUM,Cuba,2,671.95,335.9750000000000000
PRIME,Saudi Arabia,3,669.18,223.0600000000000000
PRIME,New Caledonia,4,668.79,167.1975000000000000
FREE,Faroe Islands,3,668.17,222.7233333333333333
FREE,Dominican Republic,2,657.10,328.5500000000000000
PRIME,Pakistan,4,656.68,164.1700000000000000
PRIME,Thailand,3,655.24,218.4133333333333333
PREMIUM,Cayman Islands,3,650.97,216.9900000000000000
FREE,Vanuatu,2,647.10,323.5500000000000000
PREMIUM,Russian Federation,4,642.27,160.5675000000000000
FREE,Guinea-Bissau,3,640.00,213.3333333333333333
PRIME,Japan,1,635.37,635.3700000000000000
FREE,Brazil,2,634.05,317.0250000000000000
PRIME,Germany,3,632.60,210.8666666666666667
FREE,Norfolk Island,3,632.12,210.7066666666666667
PRIME,Greece,3,626.63,208.8766666666666667
FREE,Macao,3,620.50,206.8333333333333333
PRIME,Lao People's Democratic Republic,1,619.95,619.9500000000000000
FREE,Sri Lanka,2,616.51,308.2550000000000000
FREE,Cuba,1,613.41,613.4100000000000000
FREE,Morocco,4,612.47,153.1175000000000000
PREMIUM,Ukraine,5,609.99,121.9980000000000000
PRIME,Lebanon,3,608.64,202.8800000000000000
FREE,American Samoa,3,607.71,202.5700000000000000
FREE,Falkland Islands (Malvinas),3,607.42,202.4733333333333333
FREE,Azerbaijan,3,605.48,201.8266666666666667
PRIME,Vietnam,3,598.70,199.5666666666666667
PRIME,Liberia,1,597.32,597.3200000000000000
PREMIUM,Cook Islands,2,597.27,298.6350000000000000
PRIME,Slovakia (Slovak Republic),4,596.86,149.2150000000000000
PRIME,Brunei Darussalam,3,575.83,191.9433333333333333
FREE,Northern Mariana Islands,3,575.72,191.9066666666666667
FREE,Senegal,2,570.17,285.0850000000000000
PREMIUM,Jersey,2,568.72,284.3600000000000000
PREMIUM,Niger,1,567.84,567.8400000000000000
PRIME,Antigua and Barbuda,1,562.73,562.7300000000000000
FREE,Luxembourg,2,560.51,280.2550000000000000
PREMIUM,Anguilla,1,559.83,559.8300000000000000
PRIME,Taiwan,2,559.75,279.8750000000000000
PREMIUM,Palau,1,557.84,557.8400000000000000
PREMIUM,Lao People's Democratic Republic,3,553.30,184.4333333333333333
PREMIUM,Western Sahara,2,552.28,276.1400000000000000
PREMIUM,Jordan,3,550.04,183.3466666666666667
FREE,Dominica,1,548.30,548.3000000000000000
PRIME,Saint Pierre and Miquelon,1,543.60,543.6000000000000000
PRIME,Bhutan,3,541.40,180.4666666666666667
PRIME,Afghanistan,1,533.92,533.9200000000000000
PRIME,Saint Barthelemy,1,533.52,533.5200000000000000
PRIME,Martinique,3,529.11,176.3700000000000000
PRIME,Colombia,1,527.76,527.7600000000000000
FREE,Bermuda,4,522.01,130.5025000000000000
FREE,Syrian Arab Republic,3,519.80,173.2666666666666667
FREE,Germany,1,517.59,517.5900000000000000
PREMIUM,Netherlands,1,517.51,517.5100000000000000
PRIME,Peru,3,516.72,172.2400000000000000
FREE,French Guiana,1,512.58,512.5800000000000000
FREE,Cayman Islands,3,509.79,169.9300000000000000
PREMIUM,Pitcairn Islands,2,508.44,254.2200000000000000
PREMIUM,South Africa,3,501.42,167.1400000000000000
PREMIUM,Zambia,3,490.88,163.6266666666666667
FREE,Togo,1,483.60,483.6000000000000000
PRIME,Holy See (Vatican City State),2,482.64,241.3200000000000000
FREE,Kazakhstan,1,481.84,481.8400000000000000
FREE,Ecuador,1,480.01,480.0100000000000000
PREMIUM,Faroe Islands,4,478.02,119.5050000000000000
PREMIUM,Heard Island and McDonald Islands,2,467.18,233.5900000000000000
PRIME,Seychelles,3,463.62,154.5400000000000000
PRIME,Guinea-Bissau,2,462.46,231.2300000000000000
PREMIUM,Mexico,1,460.04,460.0400000000000000
PRIME,Canada,2,459.13,229.5650000000000000
FREE,Croatia,2,456.71,228.3550000000000000
PREMIUM,Belize,3,456.09,152.0300000000000000
FREE,Uzbekistan,1,453.02,453.0200000000000000
PREMIUM,Ireland,2,449.76,224.8800000000000000
PRIME,Pitcairn Islands,1,447.36,447.3600000000000000
FREE,Qatar,3,440.99,146.9966666666666667
PREMIUM,Bosnia and Herzegovina,3,433.60,144.5333333333333333
PREMIUM,Burundi,4,432.72,108.1800000000000000
PRIME,Portugal,2,431.29,215.6450000000000000
PREMIUM,Tajikistan,3,430.22,143.4066666666666667
PRIME,South Georgia and the South Sandwich Islands,2,426.90,213.4500000000000000
PREMIUM,Armenia,2,425.05,212.5250000000000000
PREMIUM,Chad,2,421.79,210.8950000000000000
PRIME,Norway,4,419.56,104.8900000000000000
FREE,Korea,3,419.47,139.8233333333333333
FREE,Romania,2,419.17,209.5850000000000000
PRIME,Western Sahara,2,416.72,208.3600000000000000
FREE,Cambodia,1,414.64,414.6400000000000000
PRIME,Guernsey,2,413.46,206.7300000000000000
PRIME,Sierra Leone,3,409.21,136.4033333333333333
PRIME,Israel,1,407.83,407.8300000000000000
PRIME,Burkina Faso,3,404.00,134.6666666666666667
PREMIUM,Senegal,2,403.11,201.5550000000000000
PRIME,Faroe Islands,2,396.63,198.3150000000000000
PREMIUM,Costa Rica,1,392.45,392.4500000000000000
FREE,Israel,4,389.57,97.3925000000000000
FREE,Poland,2,389.19,194.5950000000000000
PRIME,Myanmar,4,381.61,95.4025000000000000
PRIME,Slovenia,4,376.46,94.1150000000000000
FREE,Mali,2,376.45,188.2250000000000000
PRIME,Switzerland,1,374.22,374.2200000000000000
PRIME,Bangladesh,1,371.98,371.9800000000000000
PREMIUM,Bolivia,2,371.72,185.8600000000000000
PREMIUM,Brunei Darussalam,1,370.02,370.0200000000000000
PREMIUM,Mozambique,1,368.84,368.8400000000000000
PRIME,Venezuela,3,365.30,121.7666666666666667
PRIME,Cambodia,2,365.16,182.5800000000000000
PREMIUM,New Caledonia,1,361.98,361.9800000000000000
PRIME,Belize,1,361.89,361.8900000000000000
PRIME,Niger,1,361.33,361.3300000000000000
PRIME,Guatemala,1,353.12,353.1200000000000000
PRIME,Iran,1,351.57,351.5700000000000000
PREMIUM,Christmas Island,2,351.14,175.5700000000000000
PRIME,Kenya,3,350.11,116.7033333333333333
PRIME,British Indian Ocean Territory (Chagos Archipelago),2,346.37,173.1850000000000000
FREE,Saint Pierre and Miquelon,2,341.95,170.9750000000000000
PREMIUM,Poland,2,341.20,170.6000000000000000
FREE,Sudan,2,341.19,170.5950000000000000
FREE,Bolivia,2,338.89,169.4450000000000000
FREE,Tunisia,1,338.50,338.5000000000000000
PRIME,Yemen,3,337.62,112.5400000000000000
FREE,Western Sahara,1,336.91,336.9100000000000000
FREE,Christmas Island,2,335.02,167.5100000000000000
PRIME,Denmark,1,329.31,329.3100000000000000
PRIME,Cayman Islands,2,328.97,164.4850000000000000
PRIME,Senegal,4,325.86,81.4650000000000000
FREE,Lithuania,3,325.43,108.4766666666666667
PREMIUM,Madagascar,2,324.71,162.3550000000000000
PREMIUM,Netherlands Antilles,2,320.43,160.2150000000000000
PREMIUM,Botswana,2,317.52,158.7600000000000000
FREE,Yemen,2,317.31,158.6550000000000000
PRIME,Equatorial Guinea,2,315.27,157.6350000000000000
PRIME,Tonga,2,314.02,157.0100000000000000
FREE,Burkina Faso,2,312.95,156.4750000000000000
PREMIUM,Syrian Arab Republic,1,309.45,309.4500000000000000
PRIME,Christmas Island,1,305.11,305.1100000000000000
PRIME,Ukraine,2,304.15,152.0750000000000000
PRIME,North Macedonia,2,299.55,149.7750000000000000
PREMIUM,Trinidad and Tobago,2,298.81,149.4050000000000000
PRIME,Algeria,2,298.58,149.2900000000000000
FREE,Belarus,2,296.66,148.3300000000000000
PRIME,Cyprus,2,290.24,145.1200000000000000
PRIME,Iraq,3,288.62,96.2066666666666667
PRIME,Uruguay,1,285.98,285.9800000000000000
PREMIUM,Cameroon,2,285.40,142.7000000000000000
PREMIUM,Montenegro,1,281.46,281.4600000000000000
PRIME,Madagascar,1,280.88,280.8800000000000000
PRIME,Niue,2,280.10,140.0500000000000000
PRIME,Micronesia,3,278.71,92.9033333333333333
PREMIUM,Gabon,3,275.84,91.9466666666666667
PREMIUM,Japan,2,275.65,137.8250000000000000
PRIME,Macao,1,273.94,273.9400000000000000
PREMIUM,Zimbabwe,1,270.45,270.4500000000000000
PREMIUM,Morocco,2,268.92,134.4600000000000000
FREE,Lao People's Democratic Republic,1,267.86,267.8600000000000000
PRIME,Ghana,2,259.74,129.8700000000000000
PRIME,Honduras,1,259.61,259.6100000000000000
FREE,Libyan Arab Jamahiriya,1,257.59,257.5900000000000000
PRIME,Guam,1,252.80,252.8000000000000000
PRIME,Italy,3,251.62,83.8733333333333333
PRIME,Costa Rica,1,251.02,251.0200000000000000
PRIME,Saint Vincent and the Grenadines,1,248.85,248.8500000000000000
FREE,Isle of Man,1,248.60,248.6000000000000000
FREE,Saint Lucia,3,245.65,81.8833333333333333
PREMIUM,British Indian Ocean Territory (Chagos Archipelago),2,239.65,119.8250000000000000
FREE,Suriname,1,232.43,232.4300000000000000
FREE,Nicaragua,3,231.89,77.2966666666666667
FREE,Honduras,2,231.21,115.6050000000000000
PRIME,South Africa,1,230.00,230.0000000000000000
FREE,Netherlands Antilles,3,225.71,75.2366666666666667
PREMIUM,Taiwan,1,219.74,219.7400000000000000
PRIME,Chile,2,219.04,109.5200000000000000
FREE,New Zealand,1,212.93,212.9300000000000000
PRIME,Croatia,2,211.66,105.8300000000000000
FREE,Finland,2,210.95,105.4750000000000000
PRIME,Svalbard & Jan Mayen Islands,1,208.52,208.5200000000000000
PREMIUM,Paraguay,2,206.44,103.2200000000000000
PREMIUM,Reunion,3,205.58,68.5266666666666667
PRIME,Suriname,2,204.64,102.3200000000000000
PREMIUM,Malta,2,202.99,101.4950000000000000
FREE,Tokelau,2,200.87,100.4350000000000000
FREE,Estonia,1,197.87,197.8700000000000000
FREE,Bangladesh,1,193.88,193.8800000000000000
PREMIUM,Turkey,2,191.17,95.5850000000000000
PRIME,Finland,1,189.62,189.6200000000000000
PRIME,Barbados,4,189.53,47.3825000000000000
PREMIUM,Vietnam,1,188.33,188.3300000000000000
PRIME,Georgia,1,186.75,186.7500000000000000
PREMIUM,Isle of Man,2,186.73,93.3650000000000000
PRIME,Mongolia,1,183.19,183.1900000000000000
FREE,Chad,2,182.52,91.2600000000000000
PRIME,Bouvet Island (Bouvetoya),2,181.94,90.9700000000000000
PREMIUM,Falkland Islands (Malvinas),1,180.57,180.5700000000000000
FREE,South Georgia and the South Sandwich Islands,1,176.82,176.8200000000000000
PRIME,Jamaica,2,172.96,86.4800000000000000
PRIME,Papua New Guinea,1,168.95,168.9500000000000000
FREE,Vietnam,2,162.83,81.4150000000000000
FREE,Saint Kitts and Nevis,2,159.66,79.8300000000000000
PREMIUM,Hong Kong,1,158.64,158.6400000000000000
FREE,Solomon Islands,1,156.15,156.1500000000000000
PREMIUM,Nigeria,2,155.86,77.9300000000000000
PREMIUM,Qatar,1,154.99,154.9900000000000000
PREMIUM,Burkina Faso,2,151.98,75.9900000000000000
PRIME,Palestinian Territory,1,150.07,150.0700000000000000
PRIME,Tajikistan,2,149.15,74.5750000000000000
PRIME,Kazakhstan,1,142.88,142.8800000000000000
PRIME,Serbia,1,141.75,141.7500000000000000
PREMIUM,Niue,1,141.62,141.6200000000000000
FREE,Japan,1,139.40,139.4000000000000000
PRIME,Cook Islands,1,138.40,138.4000000000000000
PREMIUM,Tokelau,1,138.07,138.0700000000000000
PRIME,Cape Verde,1,137.64,137.6400000000000000
FREE,Gibraltar,1,133.70,133.7000000000000000
PREMIUM,Uganda,1,133.38,133.3800000000000000
PREMIUM,Guadeloupe,1,133.24,133.2400000000000000
PRIME,Malta,1,133.12,133.1200000000000000
PRIME,Swaziland,1,131.88,131.8800000000000000
PREMIUM,Kenya,1,131.78,131.7800000000000000
PREMIUM,Greenland,1,129.74,129.7400000000000000
FREE,Madagascar,1,129.54,129.5400000000000000
PREMIUM,Oman,1,129.53,129.5300000000000000
PREMIUM,Indonesia,1,126.63,126.6300000000000000
FREE,Maldives,1,126.44,126.4400000000000000
PRIME,Tokelau,1,125.72,125.7200000000000000
FREE,Belgium,1,123.63,123.6300000000000000
PREMIUM,San Marino,1,122.40,122.4000000000000000
FREE,Tuvalu,1,122.21,122.2100000000000000
PRIME,Bahamas,1,118.92,118.9200000000000000
FREE,Ghana,2,118.70,59.3500000000000000
FREE,Turks and Caicos Islands,1,115.45,115.4500000000000000
PREMIUM,Albania,1,114.48,114.4800000000000000
FREE,Ukraine,2,113.62,56.8100000000000000
PREMIUM,Norfolk Island,2,109.19,54.5950000000000000
PREMIUM,Maldives,1,102.70,102.7000000000000000
FREE,Nepal,2,101.45,50.7250000000000000
PRIME,Gibraltar,2,94.26,47.1300000000000000
PREMIUM,Cambodia,2,92.59,46.2950000000000000
FREE,Saudi Arabia,1,92.44,92.4400000000000000
FREE,Botswana,1,92.32,92.3200000000000000
PRIME,Uganda,1,85.99,85.9900000000000000
PRIME,Paraguay,1,82.72,82.7200000000000000
PRIME,Heard Island and McDonald Islands,1,81.54,81.5400000000000000
PRIME,Isle of Man,3,80.31,26.7700000000000000
FREE,Cook Islands,1,78.03,78.0300000000000000
FREE,Bahamas,1,77.09,77.0900000000000000
PRIME,New Zealand,1,74.45,74.4500000000000000
FREE,United Arab Emirates,1,72.00,72.0000000000000000
FREE,Montenegro,1,71.80,71.8000000000000000
FREE,Egypt,1,71.68,71.6800000000000000
PRIME,Gambia,1,71.33,71.3300000000000000
FREE,Zambia,1,71.08,71.0800000000000000
PRIME,Comoros,2,69.60,34.8000000000000000
PREMIUM,Panama,1,69.20,69.2000000000000000
PREMIUM,Azerbaijan,1,68.54,68.5400000000000000
PRIME,Mauritania,1,64.85,64.8500000000000000
FREE,Heard Island and McDonald Islands,1,60.76,60.7600000000000000
PREMIUM,Macao,1,60.29,60.2900000000000000
PREMIUM,United States Virgin Islands,1,59.97,59.9700000000000000
PRIME,Gabon,1,59.10,59.1000000000000000
PRIME,Montserrat,1,53.37,53.3700000000000000
FREE,Liechtenstein,1,50.52,50.5200000000000000
FREE,Reunion,1,47.97,47.9700000000000000
PREMIUM,Singapore,1,44.65,44.6500000000000000
PRIME,Timor-Leste,1,44.37,44.3700000000000000
PRIME,Saint Helena,1,42.24,42.2400000000000000
PREMIUM,Peru,1,37.78,37.7800000000000000
FREE,Panama,2,37.66,18.8300000000000000
PREMIUM,Equatorial Guinea,1,33.78,33.7800000000000000
PRIME,Samoa,1,33.14,33.1400000000000000
PREMIUM,Czech Republic,1,32.91,32.9100000000000000
PREMIUM,Luxembourg,1,32.84,32.8400000000000000
FREE,Pakistan,1,30.82,30.8200000000000000
PREMIUM,Northern Mariana Islands,1,30.26,30.2600000000000000
PREMIUM,Chile,1,30.08,30.0800000000000000
PRIME,Uzbekistan,1,27.77,27.7700000000000000
FREE,Micronesia,1,26.95,26.9500000000000000
FREE,Venezuela,1,26.87,26.8700000000000000
PREMIUM,Tonga,1,25.57,25.5700000000000000
FREE,Costa Rica,1,24.68,24.6800000000000000
PREMIUM,Mali,1,23.20,23.2000000000000000
FREE,Saint Helena,1,22.78,22.7800000000000000
PRIME,Tuvalu,1,21.92,21.9200000000000000
PREMIUM,Thailand,1,20.13,20.1300000000000000
PREMIUM,Saint Lucia,1,17.30,17.3000000000000000
PREMIUM,France,1,11.28,11.2800000000000000
PRIME,United States of America,1,11.18,11.1800000000000000
FREE,Canada,1,8.65,8.6500000000000000
FREE,Monaco,1,8.24,8.2400000000000000
